Sample	Gene	Mutation_Type	Loss_of_Alternative_Allele	BRCA1	BRCA2
PD5948a	BRCA1	Germline	Yes	Pathogenic_Germline_with_LOAA	
PD14442a	BRCA1	Germline	No	Pathogenic_Germline_without_LOAA	
PD13296a	BRCA1	Germline	Yes	Pathogenic_Germline_with_LOAA	
PD22355a	BRCA1	Germline	Yes	Pathogenic_Germline_with_LOAA	
PD9702a	BRCA1	Germline	Yes	Pathogenic_Germline_with_LOAA	
PD24337a	BRCA1	Germline	Yes	Pathogenic_Germline_with_LOAA	
PD24202a	BRCA1	Germline	Yes	Pathogenic_Germline_with_LOAA	
PD5945a	BRCA1	Germline	Yes	Pathogenic_Germline_with_LOAA	
PD6413a	BRCA1	Germline	Yes	Pathogenic_Germline_with_LOAA	
PD4006a	BRCA1	Germline	Yes	Pathogenic_Germline_with_LOAA	
PD5935a	BRCA1	Germline	Yes	Pathogenic_Germline_with_LOAA	
PD8621a	BRCA1	Germline	Yes	Pathogenic_Germline_with_LOAA	
PD13297a	BRCA1	Germline	Yes	Pathogenic_Germline_with_LOAA	
PD23578a	BRCA1	Germline	Yes	Pathogenic_Germline_with_LOAA	
PD23574a	BRCA1	Germline	Yes	Pathogenic_Germline_with_LOAA	
PD13299a	BRCA1	Germline	Yes	Pathogenic_Germline_with_LOAA	
PD10014a	BRCA1	Germline	Yes	Pathogenic_Germline_with_LOAA	
PD8980a	BRCA1	Germline	Yes	Pathogenic_Germline_with_LOAA	
PD6406a	BRCA1	Germline	Yes	Pathogenic_Germline_with_LOAA	
PD4005a	BRCA1	Germline	Yes	Pathogenic_Germline_with_LOAA	
PD3890a	BRCA1	Germline	Yes	Pathogenic_Germline_with_LOAA	
PD23562a	BRCA1	Germline	Yes	Pathogenic_Germline_with_LOAA	
PD4107a	BRCA1	Germline	Yes	Pathogenic_Germline_with_LOAA	
PD5930a	BRCA1	Germline	Yes	Pathogenic_Germline_with_LOAA	
PD9004a	BRCA1	Germline	Yes	Pathogenic_Germline_with_LOAA	
PD13627a	BRCA1	Germline	Yes	Pathogenic_Germline_with_LOAA	
PD13771a	BRCA1	Germline	Yes	Pathogenic_Germline_with_LOAA	
PD11327a	BRCA1	Germline	Yes	Pathogenic_Germline_with_LOAA	
PD3905a	BRCA1	Germline	Yes	Pathogenic_Germline_with_LOAA	
PD6731a2	BRCA1	Germline	Yes	Pathogenic_Germline_with_LOAA	
PD24186a	BRCA1	Germline	Yes	Pathogenic_Germline_with_LOAA	
PD4875a	BRCA2	Germline	No		Pathogenic_Germline_without_LOAA
PD13418a	BRCA2	Germline	No		Pathogenic_Germline_without_LOAA
PD6416a	BRCA2	Germline	No		Pathogenic_Germline_without_LOAA
PD24333a	BRCA2	Germline	No		Pathogenic_Germline_without_LOAA
PD4956a	BRCA2	Germline	Yes		Pathogenic_Germline_with_LOAA
PD8832a	BRCA2	Germline	Yes		Pathogenic_Germline_with_LOAA
PD4953a	BRCA2	Germline	Yes		Pathogenic_Germline_with_LOAA
PD4952a	BRCA2	Germline	Yes		Pathogenic_Germline_with_LOAA
PD4604a	BRCA2	Germline	Yes		Pathogenic_Germline_with_LOAA
PD4955a	BRCA2	Germline	Yes		Pathogenic_Germline_with_LOAA
PD3904a	BRCA2	Germline	Yes		Pathogenic_Germline_with_LOAA
PD4874a	BRCA2	Germline	Yes		Pathogenic_Germline_with_LOAA
PD4954a	BRCA2	Germline	Yes		Pathogenic_Germline_with_LOAA
PD3945a	BRCA2	Germline	Yes		Pathogenic_Germline_with_LOAA
PD4876a	BRCA2	Germline	Yes		Pathogenic_Germline_with_LOAA
PD23558a	BRCA2	Germline	Yes		Pathogenic_Germline_with_LOAA
PD4116a	BRCA2	Germline	Yes		Pathogenic_Germline_with_LOAA
PD8969a	BRCA2	Germline	Yes		Pathogenic_Germline_with_LOAA
PD4872a	BRCA2	Germline	Yes		Pathogenic_Germline_with_LOAA
PD4115a	BRCA2	Germline	Yes		Pathogenic_Germline_with_LOAA
PD4959a	BRCA2	Germline	Yes		Pathogenic_Germline_with_LOAA
PD4958a	BRCA2	Germline	Yes		Pathogenic_Germline_with_LOAA
PD24191a	BRCA2	Germline	Yes		Pathogenic_Germline_with_LOAA
PD24191a	BRCA2	Germline	Yes		Pathogenic_Somatic_with_LOAA
PD8610a	BRCA2	Germline	Yes		Pathogenic_Germline_with_LOAA
PD22358a	BRCA2	Germline	Yes		Pathogenic_Germline_with_LOAA
PD4957a	BRCA2	Germline	Yes		Pathogenic_Germline_with_LOAA
PD4951a	BRCA2	Germline	Yes		Pathogenic_Germline_with_LOAA
PD18259a	BRCA2	Germline	Yes		Pathogenic_Germline_with_LOAA
PD7217a	BRCA2	Germline	Yes		Pathogenic_Germline_with_LOAA
PD7341a	BRCA1	Promoter hypermethylation	No	Pathogenic_Promoter hypermethylation_without_LOAA	
PD6414a	BRCA1	Promoter hypermethylation	Unclear	Pathogenic_Promoter hypermethylation_without_LOAA	
PD7211a	BRCA1	Promoter hypermethylation	Yes	Pathogenic_Promoter hypermethylation_with_LOAA	
PD8611a	BRCA1	Promoter hypermethylation	Yes	Pathogenic_Promoter hypermethylation_with_LOAA	
PD11751a	BRCA1	Promoter hypermethylation	Yes	Pathogenic_Promoter hypermethylation_with_LOAA	
PD11748a	BRCA1	Promoter hypermethylation	Yes	Pathogenic_Promoter hypermethylation_with_LOAA	
PD8652a2	BRCA1	Promoter hypermethylation	Yes	Pathogenic_Promoter hypermethylation_with_LOAA	
PD6415a	BRCA1	Promoter hypermethylation	Yes	Pathogenic_Promoter hypermethylation_with_LOAA	
PD7250a	BRCA1	Promoter hypermethylation	Yes	Pathogenic_Promoter hypermethylation_with_LOAA	
PD6684a	BRCA1	Promoter hypermethylation	Yes	Pathogenic_Promoter hypermethylation_with_LOAA	
PD11750a	BRCA1	Promoter hypermethylation	Yes	Pathogenic_Promoter hypermethylation_with_LOAA	
PD13311a	BRCA1	Promoter hypermethylation	Yes	Pathogenic_Promoter hypermethylation_with_LOAA	
PD6411a	BRCA1	Promoter hypermethylation	Yes	Pathogenic_Promoter hypermethylation_with_LOAA	
PD11755a	BRCA1	Promoter hypermethylation	Yes	Pathogenic_Promoter hypermethylation_with_LOAA	
PD9592a	BRCA1	Promoter hypermethylation	Yes	Pathogenic_Promoter hypermethylation_with_LOAA	
PD6409a	BRCA1	Promoter hypermethylation	Yes	Pathogenic_Promoter hypermethylation_with_LOAA	
PD23561a	BRCA1	Somatic	No	Pathogenic_Somatic_without_LOAA	
PD7067a	BRCA1	Somatic	No	Pathogenic_Somatic_without_LOAA	
PD9585a	BRCA1	Somatic	Yes	Pathogenic_Somatic_with_LOAA	
PD7215a	BRCA1	Somatic	Yes	Pathogenic_Somatic_with_LOAA	
PD11742a	BRCA1	Somatic	Yes	Pathogenic_Somatic_with_LOAA	
PD5960a	BRCA2	Somatic	Yes		Pathogenic_Somatic_with_LOAA
PD23565a	BRCA2	Somatic	No		Pathogenic_Somatic_without_LOAA
PD13604a	BRCA2	Somatic	No		Pathogenic_Somatic_without_LOAA
PD13604a	BRCA2	Somatic	No		Pathogenic_Somatic_without_LOAA
PD13604a	BRCA2	Somatic	No		Pathogenic_Somatic_without_LOAA
PD13604a	BRCA2	Somatic	No		Pathogenic_Somatic_without_LOAA
PD24189a	BRCA2	Somatic	No		Pathogenic_Somatic_without_LOAA
PD24326a	BRCA2	Somatic	No		Pathogenic_Somatic_without_LOAA
PD11372a	BRCA2	Somatic	No		Pathogenic_Somatic_without_LOAA
PD8984a	BRCA2	Somatic	Yes		Pathogenic_Somatic_with_LOAA
PD9000a	BRCA2	Somatic	Yes		Pathogenic_Somatic_with_LOAA
PD6042a	BRCA2	Somatic	Yes		Pathogenic_Somatic_with_LOAA
PD8978a	BRCA2	Somatic	Yes		Pathogenic_Somatic_with_LOAA
PD24191a	BRCA2	Somatic	Yes		Pathogenic_Germline_with_LOAA
PD24191a	BRCA2	Somatic	Yes		Pathogenic_Somatic_with_LOAA
